ip address, date and time added
127.0.0.1:62389,2023-03-21 13:49:40.350569
127.0.0.1:64546,2023-04-10 20:33:04.647565
127.0.0.1:52223,2023-05-26 07:29:37.251237
127.0.0.1:52309,2023-05-26 07:51:00.936093
127.0.0.1:52350,2023-05-26 07:57:19.743244
127.0.0.1:52356,2023-05-26 07:58:21.835576
127.0.0.1:52358,2023-05-26 07:58:39.515448
127.0.0.1:52434,2023-05-26 08:05:57.669945
127.0.0.1:52439,2023-05-26 08:06:38.123692
127.0.0.1:52444,2023-05-26 08:07:36.637038
127.0.0.1:52455,2023-05-26 08:08:28.273185
127.0.0.1:52456,2023-05-26 08:08:38.480168
127.0.0.1:52454,2023-05-26 08:08:48.236514
127.0.0.1:52453,2023-05-26 08:08:57.677057
127.0.0.1:52476,2023-05-26 08:09:45.677071
127.0.0.1:52478,2023-05-26 08:09:46.257876
127.0.0.1:52488,2023-05-26 08:10:15.077193
127.0.0.1:52490,2023-05-26 08:10:15.288449
127.0.0.1:52477,2023-05-26 08:10:16.296745
127.0.0.1:52487,2023-05-26 08:10:24.463263
127.0.0.1:52489,2023-05-26 08:10:25.275674
127.0.0.1:52506,2023-05-26 08:10:53.446177
127.0.0.1:52505,2023-05-26 08:11:22.959333
127.0.0.1:52545,2023-05-26 08:15:35.381874
127.0.0.1:52574,2023-05-26 08:20:18.417738
127.0.0.1:52582,2023-05-26 08:21:49.141237
127.0.0.1:52593,2023-05-26 08:25:29.855861
127.0.0.1:52624,2023-05-26 08:26:33.063252
