id, ip address
1,127.0.0.1:593232
8,127.0.0.1:628834

5,127.0.0.1:64545
6,127.0.0.1:64546
7,127.0.0.1:64547
8,127.0.0.1:52223
9,127.0.0.1:52308
10,127.0.0.1:52309
11,127.0.0.1:52325
12,127.0.0.1:52350
13,127.0.0.1:52356
14,127.0.0.1:52358
15,127.0.0.1:52359
16,127.0.0.1:52371
17,127.0.0.1:52372
18,127.0.0.1:52373
19,127.0.0.1:52404
20,127.0.0.1:52405
21,127.0.0.1:52423
22,127.0.0.1:52424
23,127.0.0.1:52430
24,127.0.0.1:52434
25,127.0.0.1:52439
26,127.0.0.1:52444
27,127.0.0.1:52453
28,127.0.0.1:52454
29,127.0.0.1:52455
30,127.0.0.1:52456
31,127.0.0.1:52476
32,127.0.0.1:52477
33,127.0.0.1:52478
34,127.0.0.1:52487
35,127.0.0.1:52488
36,127.0.0.1:52489
37,127.0.0.1:52490
38,127.0.0.1:52505
39,127.0.0.1:52506
40,127.0.0.1:52545
41,127.0.0.1:52572
42,127.0.0.1:52574
43,127.0.0.1:52577
44,127.0.0.1:52582
45,127.0.0.1:52593
46,127.0.0.1:52624
