1,127.0.0.1:59323
2,127.0.0.1:59367
3,127.0.0.1:59369
4,127.0.0.1:59525
5,127.0.0.1:59762
6,127.0.0.1:59783
7,127.0.0.1:59786
8,127.0.0.1:59789
9,127.0.0.1:59805
10,127.0.0.1:59814
11,127.0.0.1:59815
12,127.0.0.1:59827
13,127.0.0.1:59834
14,127.0.0.1:59960
15,127.0.0.1:59961
16,127.0.0.1:60884
17,127.0.0.1:60906
18,127.0.0.1:60961
19,127.0.0.1:60980
20,127.0.0.1:60995
21,127.0.0.1:61030
22,127.0.0.1:61068
23,127.0.0.1:61094
24,127.0.0.1:61117
25,127.0.0.1:61122
26,127.0.0.1:61173
27,127.0.0.1:61174
28,127.0.0.1:61177
